"respondent_id","started_at","submitted_at","org_1","org_2","org_3","org_4","con_1","con_2","con_3","con_4"
"R001","2026-06-01T09:11:00Z","2026-06-01T09:15:00Z",1,2,1,3,4,4,3,4
"R002","2026-06-01T09:11:37Z","2026-06-01T09:15:37Z",2,3,2,2,1,2,1,2
"R003","2026-06-01T09:12:14Z","2026-06-01T09:16:14Z",3,4,1,4,3,3,5,2
"R004","2026-06-01T09:12:51Z","2026-06-01T09:16:51Z",4,5,5,5,5,5,5,5
"R005","2026-06-01T09:13:28Z","2026-06-01T09:17:28Z",3,2,2,2,3,3,3,2
"R006","2026-06-01T09:14:05Z","2026-06-01T09:18:05Z",1,2,2,1,1,1,1,1
"R007","2026-06-01T09:14:42Z","2026-06-01T09:18:42Z",3,2,1,2,1,1,1,3
"R008","2026-06-01T09:15:19Z","2026-06-01T09:19:19Z",1,1,2,1,5,2,5,2
"R009","2026-06-01T09:15:56Z","2026-06-01T09:19:56Z",5,4,4,3,4,4,3,3
"R010","2026-06-01T09:16:33Z","2026-06-01T09:20:33Z",2,5,3,3,5,3,4,4
"R011","2026-06-01T09:17:10Z","2026-06-01T09:21:10Z",2,3,3,4,4,4,3,3
"R012","2026-06-01T09:17:47Z","2026-06-01T09:21:47Z",2,2,1,2,2,1,1,1
"R013","2026-06-01T09:18:24Z","2026-06-01T09:22:24Z",5,3,1,2,1,2,1,1
"R014","2026-06-01T09:19:01Z","2026-06-01T09:23:01Z",1,1,3,1,2,3,3,5
"R015","2026-06-01T09:19:38Z","2026-06-01T09:23:38Z",4,3,4,4,4,4,3,2
"R016","2026-06-01T09:20:15Z","2026-06-01T09:24:15Z",1,4,5,3,3,3,5,2
"R017","2026-06-01T09:20:52Z","2026-06-01T09:24:52Z",5,5,5,5,3,4,4,2
"R018","2026-06-01T09:21:29Z","2026-06-01T09:25:29Z",4,5,5,3,5,3,5,3
"R019","2026-06-01T09:22:06Z","2026-06-01T09:26:06Z",1,1,1,1,1,2,5,2
"R020","2026-06-01T09:22:43Z","2026-06-01T09:26:43Z",3,3,2,4,2,1,2,3
"R021","2026-06-01T09:23:20Z","2026-06-01T09:27:20Z",5,3,5,5,1,2,3,3
"R022","2026-06-01T09:23:57Z","2026-06-01T09:27:57Z",5,5,4,4,4,3,5,4
"R023","2026-06-01T09:24:34Z","2026-06-01T09:28:34Z",1,3,3,4,5,5,1,1
"R024","2026-06-01T09:25:11Z","2026-06-01T09:29:11Z",4,1,3,2,2,3,5,4
"R025","2026-06-01T09:25:48Z","2026-06-01T09:29:48Z",1,1,1,1,3,3,4,4
"R026","2026-06-01T09:26:25Z","2026-06-01T09:30:25Z",1,2,2,2,2,3,1,2
"R027","2026-06-01T09:27:02Z","2026-06-01T09:31:02Z",3,4,4,3,5,5,5,5
"R028","2026-06-01T09:27:39Z","2026-06-01T09:31:39Z",2,1,2,3,2,2,2,2
"R029","2026-06-01T09:28:16Z","2026-06-01T09:32:16Z",3,1,3,5,5,5,4,5
"R030","2026-06-01T09:28:53Z","2026-06-01T09:32:53Z",3,4,5,2,2,1,3,1
"R031","2026-06-01T09:29:30Z","2026-06-01T09:33:30Z",2,1,3,3,5,5,4,5
"R032","2026-06-01T09:30:07Z","2026-06-01T09:34:07Z",2,2,1,3,2,2,4,3
"R033","2026-06-01T09:30:44Z","2026-06-01T09:34:44Z",4,3,4,1,2,5,3,3
"R034","2026-06-01T09:31:21Z","2026-06-01T09:35:21Z",3,3,4,1,1,2,2,2
"R035","2026-06-01T09:31:58Z","2026-06-01T09:35:58Z",3,2,3,1,5,4,4,4
"R036","2026-06-01T09:32:35Z","2026-06-01T09:36:35Z",5,5,4,3,4,2,4,1
"R037","2026-06-01T09:33:12Z","2026-06-01T09:37:12Z",1,3,3,2,1,2,1,4
"R038","2026-06-01T09:33:49Z","2026-06-01T09:37:49Z",1,1,1,1,3,2,1,2
"R039","2026-06-01T09:34:26Z","2026-06-01T09:38:26Z",3,1,4,2,5,4,3,3
"R040","2026-06-01T09:35:03Z","2026-06-01T09:39:03Z",5,5,3,3,1,3,4,2
"R041","2026-06-01T09:35:40Z","2026-06-01T09:39:40Z",3,2,4,3,4,2,4,1
"R042","2026-06-01T09:36:17Z","2026-06-01T09:40:17Z",1,2,2,1,2,1,2,3
"R043","2026-06-01T09:36:54Z","2026-06-01T09:40:54Z",5,4,5,4,2,4,2,2
"R044","2026-06-01T09:37:31Z","2026-06-01T09:41:31Z",1,1,3,1,2,1,1,4
"R045","2026-06-01T09:38:08Z","2026-06-01T09:42:08Z",1,1,3,1,3,1,3,4
"R046","2026-06-01T09:38:45Z","2026-06-01T09:42:45Z",4,3,4,3,3,3,2,3
"R047","2026-06-01T09:39:22Z","2026-06-01T09:43:22Z",1,1,1,1,2,1,4,1
"R048","2026-06-01T09:39:59Z","2026-06-01T09:43:59Z",3,2,3,4,2,3,4,2
"R049","2026-06-01T09:40:36Z","2026-06-01T09:44:36Z",1,1,1,1,1,2,2,2
"R050","2026-06-01T09:41:13Z","2026-06-01T09:45:13Z",2,1,3,1,2,3,1,3
"R051","2026-06-01T09:41:50Z","2026-06-01T09:45:50Z",5,3,5,5,5,4,2,4
"R052","2026-06-01T09:42:27Z","2026-06-01T09:46:27Z",2,2,2,3,2,1,3,3
"R053","2026-06-01T09:43:04Z","2026-06-01T09:47:04Z",4,4,1,5,2,2,3,5
"R054","2026-06-01T09:43:41Z","2026-06-01T09:47:41Z",1,1,1,1,4,4,2,3
"R055","2026-06-01T09:44:18Z","2026-06-01T09:48:18Z",5,5,5,3,5,5,2,3
"R056","2026-06-01T09:44:55Z","2026-06-01T09:48:55Z",4,1,3,2,5,5,4,3
"R057","2026-06-01T09:45:32Z","2026-06-01T09:49:32Z",1,1,2,1,4,1,1,2
"R058","2026-06-01T09:46:09Z","2026-06-01T09:50:09Z",1,1,3,3,5,3,4,2
"R059","2026-06-01T09:46:46Z","2026-06-01T09:50:46Z",1,4,2,2,4,5,5,5
"R060","2026-06-01T09:47:23Z","2026-06-01T09:51:23Z",5,4,5,4,1,2,1,2
"R061","2026-06-01T09:48:00Z","2026-06-01T09:52:00Z",3,5,2,3,3,5,4,5
"R062","2026-06-01T09:48:37Z","2026-06-01T09:52:37Z",1,1,3,1,1,1,1,1
"R063","2026-06-01T09:49:14Z","2026-06-01T09:53:14Z",2,1,1,1,3,1,3,1
"R064","2026-06-01T09:49:51Z","2026-06-01T09:53:51Z",1,1,1,1,5,5,2,3
"R065","2026-06-01T09:50:28Z","2026-06-01T09:54:28Z",2,1,1,1,1,4,1,1
"R066","2026-06-01T09:51:05Z","2026-06-01T09:55:05Z",5,3,5,5,5,5,4,3
"R067","2026-06-01T09:51:42Z","2026-06-01T09:55:42Z",5,4,5,5,4,3,5,2
"R068","2026-06-01T09:52:19Z","2026-06-01T09:56:19Z",1,1,3,3,5,3,4,2
"R069","2026-06-01T09:52:56Z","2026-06-01T09:56:56Z",1,1,4,2,1,1,4,1
"R070","2026-06-01T09:53:33Z","2026-06-01T09:57:33Z",5,5,5,5,5,5,5,5
"R071","2026-06-01T09:54:10Z","2026-06-01T09:58:10Z",3,4,4,5,4,3,5,5
"R072","2026-06-01T09:54:47Z","2026-06-01T09:58:47Z",3,3,5,3,2,4,1,2
"R073","2026-06-01T09:55:24Z","2026-06-01T09:59:24Z",1,1,1,2,1,2,4,5
"R074","2026-06-01T09:56:01Z","2026-06-01T10:00:01Z",1,1,2,1,3,2,2,1
"R075","2026-06-01T09:56:38Z","2026-06-01T10:00:38Z",4,4,1,3,2,2,2,1
"R076","2026-06-01T09:57:15Z","2026-06-01T10:01:15Z",4,2,3,2,2,5,2,5
"R077","2026-06-01T09:57:52Z","2026-06-01T10:01:52Z",3,4,2,1,2,1,2,1
"R078","2026-06-01T09:58:29Z","2026-06-01T10:02:29Z",1,1,1,1,3,3,2,3
"R079","2026-06-01T09:59:06Z","2026-06-01T10:03:06Z",5,4,5,4,4,4,5,4
"R080","2026-06-01T09:59:43Z","2026-06-01T10:03:43Z",1,2,1,3,3,1,3,2
"R081","2026-06-01T10:00:20Z","2026-06-01T10:04:20Z",1,1,1,3,2,3,1,3
"R082","2026-06-01T10:00:57Z","2026-06-01T10:04:57Z",1,3,3,1,2,2,4,2
"R083","2026-06-01T10:01:34Z","2026-06-01T10:05:34Z",1,2,1,3,1,1,1,1
"R084","2026-06-01T10:02:11Z","2026-06-01T10:06:11Z",4,5,4,2,3,5,5,5
"R085","2026-06-01T10:02:48Z","2026-06-01T10:06:48Z",5,5,5,5,4,4,4,3
"R086","2026-06-01T10:03:25Z","2026-06-01T10:07:25Z",5,4,4,3,5,5,5,4
"R087","2026-06-01T10:04:02Z","2026-06-01T10:08:02Z",5,5,5,5,4,5,5,4
"R088","2026-06-01T10:04:39Z","2026-06-01T10:08:39Z",4,5,4,4,4,4,5,4
"R089","2026-06-01T10:05:16Z","2026-06-01T10:09:16Z",4,5,4,4,1,3,1,1
"R090","2026-06-01T10:05:53Z","2026-06-01T10:09:53Z",2,3,1,2,2,2,5,5
"R091","2026-06-01T10:06:30Z","2026-06-01T10:10:30Z",4,4,3,5,2,1,3,2
"R092","2026-06-01T10:07:07Z","2026-06-01T10:11:07Z",3,2,3,3,4,4,2,4
"R093","2026-06-01T10:07:44Z","2026-06-01T10:11:44Z",3,5,3,3,2,1,1,4
"R094","2026-06-01T10:08:21Z","2026-06-01T10:12:21Z",1,2,1,3,5,2,5,4
"R095","2026-06-01T10:08:58Z","2026-06-01T10:12:58Z",4,3,3,4,2,1,2,2
"R096","2026-06-01T10:09:35Z","2026-06-01T10:13:35Z",5,5,5,5,3,3,3,2
"R097","2026-06-01T10:10:12Z","2026-06-01T10:14:12Z",2,3,4,3,2,1,1,1
"R098","2026-06-01T10:10:49Z","2026-06-01T10:14:49Z",1,2,1,2,2,2,4,4
"R099","2026-06-01T10:11:26Z","2026-06-01T10:15:26Z",3,2,2,3,3,3,1,1
"R100","2026-06-01T10:12:03Z","2026-06-01T10:16:03Z",3,2,4,3,3,4,4,3
"R101","2026-06-01T10:12:40Z","2026-06-01T10:16:40Z",3,2,3,2,3,4,5,3
"R102","2026-06-01T10:13:17Z","2026-06-01T10:17:17Z",4,4,2,3,4,5,5,5
"R103","2026-06-01T10:13:54Z","2026-06-01T10:17:54Z",3,2,3,1,2,4,2,3
"R104","2026-06-01T10:14:31Z","2026-06-01T10:18:31Z",3,3,5,4,5,5,4,3
"R105","2026-06-01T10:15:08Z","2026-06-01T10:19:08Z",2,1,1,2,1,2,3,2
"R106","2026-06-01T10:15:45Z","2026-06-01T10:19:45Z",2,4,2,2,2,3,3,2
"R107","2026-06-01T10:16:22Z","2026-06-01T10:20:22Z",3,3,2,3,1,1,4,1
"R108","2026-06-01T10:16:59Z","2026-06-01T10:20:59Z",2,3,2,2,2,5,1,3
"R109","2026-06-01T10:17:36Z","2026-06-01T10:21:36Z",4,5,3,3,1,2,1,1
"R110","2026-06-01T10:18:13Z","2026-06-01T10:22:13Z",3,4,3,5,4,3,5,4
"R111","2026-06-01T10:18:50Z","2026-06-01T10:22:50Z",2,3,3,1,1,1,2,1
"R112","2026-06-01T10:19:27Z","2026-06-01T10:23:27Z",2,4,1,3,3,1,2,1
"R113","2026-06-01T10:20:04Z","2026-06-01T10:24:04Z",2,2,5,1,4,3,2,4
"R114","2026-06-01T10:20:41Z","2026-06-01T10:24:41Z",3,2,3,5,1,1,1,1
"R115","2026-06-01T10:21:18Z","2026-06-01T10:25:18Z",2,4,2,2,4,4,2,4
"R116","2026-06-01T10:21:55Z","2026-06-01T10:25:55Z",5,5,5,4,3,4,5,4
"R117","2026-06-01T10:22:32Z","2026-06-01T10:26:32Z",2,3,2,1,4,3,5,2
"R118","2026-06-01T10:23:09Z","2026-06-01T10:27:09Z",4,4,3,3,1,4,1,1
"R119","2026-06-01T10:23:46Z","2026-06-01T10:27:46Z",5,5,5,2,3,4,4,1
"R120","2026-06-01T10:24:23Z","2026-06-01T10:28:23Z",1,2,1,1,1,1,1,1
