"respondent_id","started_at","submitted_at","org_1","org_2","org_3","org_4"
"R001","2026-06-01T09:02:00Z","2026-06-01T09:06:00Z",4,4,3,2
"R002","2026-06-01T09:02:37Z","2026-06-01T09:06:37Z",1,3,3,1
"R003","2026-06-01T09:03:14Z","2026-06-01T09:07:14Z",1,2,4,3
"R004","2026-06-01T09:03:51Z","2026-06-01T09:07:51Z",1,4,1,5
"R005","2026-06-01T09:04:28Z","2026-06-01T09:08:28Z",1,1,1,3
"R006","2026-06-01T09:05:05Z","2026-06-01T09:09:05Z",3,2,3,2
"R007","2026-06-01T09:05:42Z","2026-06-01T09:09:42Z",5,5,4,1
"R008","2026-06-01T09:06:19Z","2026-06-01T09:10:19Z",5,3,5,1
"R009","2026-06-01T09:06:56Z","2026-06-01T09:10:56Z",1,3,3,3
"R010","2026-06-01T09:07:33Z","2026-06-01T09:11:33Z",2,1,2,3
"R011","2026-06-01T09:08:10Z","2026-06-01T09:12:10Z",4,4,2,3
"R012","2026-06-01T09:08:47Z","2026-06-01T09:12:47Z",2,2,3,2
"R013","2026-06-01T09:09:24Z","2026-06-01T09:13:24Z",5,4,3,4
"R014","2026-06-01T09:10:01Z","2026-06-01T09:14:01Z",3,5,3,1
"R015","2026-06-01T09:10:38Z","2026-06-01T09:14:38Z",3,3,4,1
"R016","2026-06-01T09:11:15Z","2026-06-01T09:15:15Z",3,2,2,3
"R017","2026-06-01T09:11:52Z","2026-06-01T09:15:52Z",1,3,4,1
"R018","2026-06-01T09:12:29Z","2026-06-01T09:16:29Z",1,1,2,5
"R019","2026-06-01T09:13:06Z","2026-06-01T09:17:06Z",2,3,1,4
"R020","2026-06-01T09:13:43Z","2026-06-01T09:17:43Z",2,1,2,3
"R021","2026-06-01T09:14:20Z","2026-06-01T09:18:20Z",2,4,3,3
"R022","2026-06-01T09:14:57Z","2026-06-01T09:18:57Z",1,1,3,5
"R023","2026-06-01T09:15:34Z","2026-06-01T09:19:34Z",1,1,1,4
"R024","2026-06-01T09:16:11Z","2026-06-01T09:20:11Z",5,5,5,2
"R025","2026-06-01T09:16:48Z","2026-06-01T09:20:48Z",1,1,1,4
"R026","2026-06-01T09:17:25Z","2026-06-01T09:21:25Z",1,2,1,5
"R027","2026-06-01T09:18:02Z","2026-06-01T09:22:02Z",5,3,3,1
"R028","2026-06-01T09:18:39Z","2026-06-01T09:22:39Z",2,2,3,2
"R029","2026-06-01T09:19:16Z","2026-06-01T09:23:16Z",4,3,4,3
"R030","2026-06-01T09:19:53Z","2026-06-01T09:23:53Z",5,5,5,1
"R031","2026-06-01T09:20:30Z","2026-06-01T09:24:30Z",2,2,3,4
"R032","2026-06-01T09:21:07Z","2026-06-01T09:25:07Z",4,5,5,1
"R033","2026-06-01T09:21:44Z","2026-06-01T09:25:44Z",1,1,1,5
"R034","2026-06-01T09:22:21Z","2026-06-01T09:26:21Z",3,3,5,4
"R035","2026-06-01T09:22:58Z","2026-06-01T09:26:58Z",3,2,1,5
"R036","2026-06-01T09:23:35Z","2026-06-01T09:27:35Z",4,4,4,4
"R037","2026-06-01T09:24:12Z","2026-06-01T09:28:12Z",2,1,3,1
"R038","2026-06-01T09:24:49Z","2026-06-01T09:28:49Z",2,1,1,4
"R039","2026-06-01T09:25:26Z","2026-06-01T09:29:26Z",2,2,4,2
"R040","2026-06-01T09:26:03Z","2026-06-01T09:30:03Z",3,3,3,2
"R041","2026-06-01T09:26:40Z","2026-06-01T09:30:40Z",4,3,3,2
"R042","2026-06-01T09:27:17Z","2026-06-01T09:31:17Z",1,1,1,5
"R043","2026-06-01T09:27:54Z","2026-06-01T09:31:54Z",4,4,5,1
"R044","2026-06-01T09:28:31Z","2026-06-01T09:32:31Z",2,1,1,3
"R045","2026-06-01T09:29:08Z","2026-06-01T09:33:08Z",3,2,1,4
"R046","2026-06-01T09:29:45Z","2026-06-01T09:33:45Z",1,1,2,5
"R047","2026-06-01T09:30:22Z","2026-06-01T09:34:22Z",2,3,2,5
"R048","2026-06-01T09:30:59Z","2026-06-01T09:34:59Z",5,3,4,1
"R049","2026-06-01T09:31:36Z","2026-06-01T09:35:36Z",2,1,2,4
"R050","2026-06-01T09:32:13Z","2026-06-01T09:36:13Z",1,1,1,2
